Dataset,#Training Release,%Training,%Defective in training,%Defective in testing,classifier,balancing,Feature Selection,TP,FP,TN,FN,Precision,Recall,ROC Area, Kappa
OPENJPA,1,0.485,0.009,0.018,NaiveBayes,1,0,6,32,925,12,0.16,0.33,0.84,0.19
OPENJPA,1,0.485,0.009,0.018,RandomForest,1,0,0,0,957,18,?,0.00,0.90,0.00
OPENJPA,1,0.485,0.009,0.018,IBk,1,0,0,0,957,18,?,0.00,0.50,0.00
OPENJPA,1,0.485,0.009,0.018,NaiveBayes,2,0,9,77,880,9,0.10,0.50,0.84,0.15
OPENJPA,1,0.485,0.009,0.018,RandomForest,2,0,0,0,957,18,?,0.00,0.83,0.00
OPENJPA,1,0.485,0.009,0.018,IBk,2,0,0,2,955,18,0.00,0.00,0.61,-0.00
OPENJPA,1,0.485,0.009,0.018,NaiveBayes,3,0,8,473,484,10,0.02,0.44,0.43,-0.00
OPENJPA,1,0.485,0.009,0.018,RandomForest,3,0,10,125,832,8,0.07,0.56,0.83,0.10
OPENJPA,1,0.485,0.009,0.018,IBk,3,0,17,577,380,1,0.03,0.94,0.67,0.02
OPENJPA,1,0.485,0.009,0.018,NaiveBayes,4,0,0,0,957,18,?,0.00,0.50,0.00
OPENJPA,1,0.485,0.009,0.018,RandomForest,4,0,0,0,957,18,?,0.00,0.50,0.00
OPENJPA,1,0.485,0.009,0.018,IBk,4,0,0,0,957,18,?,0.00,0.50,0.00
OPENJPA,1,0.485,0.009,0.018,NaiveBayes,1,1,4,12,945,14,0.25,0.22,0.82,0.22
OPENJPA,1,0.485,0.009,0.018,RandomForest,1,1,0,0,957,18,?,0.00,0.78,0.00
OPENJPA,1,0.485,0.009,0.018,IBk,1,1,0,0,957,18,?,0.00,0.55,0.00
OPENJPA,1,0.485,0.009,0.018,NaiveBayes,2,1,9,79,878,9,0.10,0.50,0.81,0.14
OPENJPA,1,0.485,0.009,0.018,RandomForest,2,1,0,0,957,18,?,0.00,0.69,0.00
OPENJPA,1,0.485,0.009,0.018,IBk,2,1,0,0,957,18,?,0.00,0.48,0.00
OPENJPA,1,0.485,0.009,0.018,NaiveBayes,3,1,7,98,859,11,0.07,0.39,0.82,0.08
OPENJPA,1,0.485,0.009,0.018,RandomForest,3,1,1,12,945,17,0.08,0.06,0.84,0.05
OPENJPA,1,0.485,0.009,0.018,IBk,3,1,1,30,927,17,0.03,0.06,0.46,0.02
OPENJPA,1,0.485,0.009,0.018,NaiveBayes,4,1,0,0,957,18,?,0.00,0.50,0.00
OPENJPA,1,0.485,0.009,0.018,RandomForest,4,1,0,0,957,18,?,0.00,0.50,0.00
OPENJPA,1,0.485,0.009,0.018,IBk,4,1,0,0,957,18,?,0.00,0.50,0.00
OPENJPA,2,0.633,0.014,0.063,NaiveBayes,1,0,12,65,964,57,0.16,0.17,0.52,0.11
OPENJPA,2,0.633,0.014,0.063,RandomForest,1,0,6,4,1025,63,0.60,0.09,0.58,0.14
OPENJPA,2,0.633,0.014,0.063,IBk,1,0,6,18,1011,63,0.25,0.09,0.55,0.10
OPENJPA,2,0.633,0.014,0.063,NaiveBayes,2,0,17,111,918,52,0.13,0.25,0.51,0.10
OPENJPA,2,0.633,0.014,0.063,RandomForest,2,0,4,9,1020,65,0.31,0.06,0.56,0.08
OPENJPA,2,0.633,0.014,0.063,IBk,2,0,6,20,1009,63,0.23,0.09,0.70,0.10
OPENJPA,2,0.633,0.014,0.063,NaiveBayes,3,0,18,129,900,51,0.12,0.26,0.56,0.09
OPENJPA,2,0.633,0.014,0.063,RandomForest,3,0,16,148,881,53,0.10,0.23,0.39,0.05
OPENJPA,2,0.633,0.014,0.063,IBk,3,0,11,148,881,58,0.07,0.16,0.51,0.01
OPENJPA,2,0.633,0.014,0.063,NaiveBayes,4,0,9,32,997,60,0.22,0.13,0.52,0.12
OPENJPA,2,0.633,0.014,0.063,RandomForest,4,0,9,32,997,60,0.22,0.13,0.52,0.12
OPENJPA,2,0.633,0.014,0.063,IBk,4,0,9,32,997,60,0.22,0.13,0.52,0.12
OPENJPA,2,0.633,0.014,0.063,NaiveBayes,1,1,14,85,944,55,0.14,0.20,0.51,0.10
OPENJPA,2,0.633,0.014,0.063,RandomForest,1,1,5,5,1024,64,0.50,0.07,0.59,0.11
OPENJPA,2,0.633,0.014,0.063,IBk,1,1,10,33,996,59,0.23,0.14,0.60,0.14
OPENJPA,2,0.633,0.014,0.063,NaiveBayes,2,1,23,164,865,46,0.12,0.33,0.48,0.10
OPENJPA,2,0.633,0.014,0.063,RandomForest,2,1,6,18,1011,63,0.25,0.09,0.56,0.10
OPENJPA,2,0.633,0.014,0.063,IBk,2,1,11,43,986,58,0.20,0.16,0.55,0.13
OPENJPA,2,0.633,0.014,0.063,NaiveBayes,3,1,28,392,637,41,0.07,0.41,0.47,0.01
OPENJPA,2,0.633,0.014,0.063,RandomForest,3,1,21,349,680,48,0.06,0.30,0.44,-0.01
OPENJPA,2,0.633,0.014,0.063,IBk,3,1,27,344,685,42,0.07,0.39,0.53,0.02
OPENJPA,2,0.633,0.014,0.063,NaiveBayes,4,1,5,9,1020,64,0.36,0.07,0.50,0.10
OPENJPA,2,0.633,0.014,0.063,RandomForest,4,1,5,9,1020,64,0.36,0.07,0.50,0.10
OPENJPA,2,0.633,0.014,0.063,IBk,4,1,5,9,1020,64,0.36,0.07,0.50,0.10
OPENJPA,3,0.709,0.032,0.039,NaiveBayes,1,0,21,67,1112,27,0.24,0.44,0.80,0.27
OPENJPA,3,0.709,0.032,0.039,RandomForest,1,0,8,5,1174,40,0.62,0.17,0.70,0.25
OPENJPA,3,0.709,0.032,0.039,IBk,1,0,13,137,1042,35,0.09,0.27,0.63,0.08
OPENJPA,3,0.709,0.032,0.039,NaiveBayes,2,0,28,109,1070,20,0.20,0.58,0.80,0.26
OPENJPA,3,0.709,0.032,0.039,RandomForest,2,0,11,33,1146,37,0.25,0.23,0.69,0.21
OPENJPA,3,0.709,0.032,0.039,IBk,2,0,13,148,1031,35,0.08,0.27,0.60,0.07
OPENJPA,3,0.709,0.032,0.039,NaiveBayes,3,0,27,111,1068,21,0.20,0.56,0.80,0.25
OPENJPA,3,0.709,0.032,0.039,RandomForest,3,0,33,228,951,15,0.13,0.69,0.79,0.16
OPENJPA,3,0.709,0.032,0.039,IBk,3,0,36,374,805,12,0.09,0.75,0.71,0.09
OPENJPA,3,0.709,0.032,0.039,NaiveBayes,4,0,7,19,1160,41,0.27,0.15,0.69,0.17
OPENJPA,3,0.709,0.032,0.039,RandomForest,4,0,7,19,1160,41,0.27,0.15,0.69,0.17
OPENJPA,3,0.709,0.032,0.039,IBk,4,0,7,19,1160,41,0.27,0.15,0.69,0.17
OPENJPA,3,0.709,0.032,0.039,NaiveBayes,1,1,20,60,1119,28,0.25,0.42,0.80,0.28
OPENJPA,3,0.709,0.032,0.039,RandomForest,1,1,6,3,1176,42,0.67,0.12,0.70,0.20
OPENJPA,3,0.709,0.032,0.039,IBk,1,1,11,21,1158,37,0.34,0.23,0.64,0.25
OPENJPA,3,0.709,0.032,0.039,NaiveBayes,2,1,28,116,1063,20,0.19,0.58,0.79,0.25
OPENJPA,3,0.709,0.032,0.039,RandomForest,2,1,8,12,1167,40,0.40,0.17,0.68,0.22
OPENJPA,3,0.709,0.032,0.039,IBk,2,1,14,36,1143,34,0.28,0.29,0.73,0.26
OPENJPA,3,0.709,0.032,0.039,NaiveBayes,3,1,30,127,1052,18,0.19,0.62,0.79,0.25
OPENJPA,3,0.709,0.032,0.039,RandomForest,3,1,37,363,816,11,0.09,0.77,0.79,0.10
OPENJPA,3,0.709,0.032,0.039,IBk,3,1,30,407,772,18,0.07,0.62,0.64,0.06
OPENJPA,3,0.709,0.032,0.039,NaiveBayes,4,1,7,114,1065,41,0.06,0.15,0.47,0.03
OPENJPA,3,0.709,0.032,0.039,RandomForest,4,1,7,114,1065,41,0.06,0.15,0.47,0.03
OPENJPA,3,0.709,0.032,0.039,IBk,4,1,7,114,1065,41,0.06,0.15,0.47,0.03
OPENJPA,4,0.758,0.034,0.037,NaiveBayes,1,0,22,57,1238,28,0.28,0.44,0.78,0.31
OPENJPA,4,0.758,0.034,0.037,RandomForest,1,0,26,1,1294,24,0.96,0.52,0.98,0.67
OPENJPA,4,0.758,0.034,0.037,IBk,1,0,36,11,1284,14,0.77,0.72,0.89,0.73
OPENJPA,4,0.758,0.034,0.037,NaiveBayes,2,0,26,99,1196,24,0.21,0.52,0.78,0.26
OPENJPA,4,0.758,0.034,0.037,RandomForest,2,0,39,21,1274,11,0.65,0.78,0.96,0.70
OPENJPA,4,0.758,0.034,0.037,IBk,2,0,39,35,1260,11,0.53,0.78,0.87,0.61
OPENJPA,4,0.758,0.034,0.037,NaiveBayes,3,0,28,97,1198,22,0.22,0.56,0.77,0.28
OPENJPA,4,0.758,0.034,0.037,RandomForest,3,0,44,416,879,6,0.10,0.88,0.89,0.11
OPENJPA,4,0.758,0.034,0.037,IBk,3,0,46,386,909,4,0.11,0.92,0.81,0.13
OPENJPA,4,0.758,0.034,0.037,NaiveBayes,4,0,11,11,1284,39,0.50,0.22,0.65,0.29
OPENJPA,4,0.758,0.034,0.037,RandomForest,4,0,11,11,1284,39,0.50,0.22,0.65,0.29
OPENJPA,4,0.758,0.034,0.037,IBk,4,0,11,11,1284,39,0.50,0.22,0.65,0.29
OPENJPA,4,0.758,0.034,0.037,NaiveBayes,1,1,19,48,1247,31,0.28,0.38,0.75,0.29
OPENJPA,4,0.758,0.034,0.037,RandomForest,1,1,31,4,1291,19,0.89,0.62,0.98,0.72
OPENJPA,4,0.758,0.034,0.037,IBk,1,1,30,8,1287,20,0.79,0.60,0.90,0.67
OPENJPA,4,0.758,0.034,0.037,NaiveBayes,2,1,23,79,1216,27,0.23,0.46,0.75,0.27
OPENJPA,4,0.758,0.034,0.037,RandomForest,2,1,41,32,1263,9,0.56,0.82,0.98,0.65
OPENJPA,4,0.758,0.034,0.037,IBk,2,1,39,46,1249,11,0.46,0.78,0.93,0.56
OPENJPA,4,0.758,0.034,0.037,NaiveBayes,3,1,27,106,1189,23,0.20,0.54,0.75,0.25
OPENJPA,4,0.758,0.034,0.037,RandomForest,3,1,49,541,754,1,0.08,0.98,0.90,0.09
OPENJPA,4,0.758,0.034,0.037,IBk,3,1,49,606,689,1,0.07,0.98,0.76,0.08
OPENJPA,4,0.758,0.034,0.037,NaiveBayes,4,1,0,0,1295,50,?,0.00,0.50,0.00
OPENJPA,4,0.758,0.034,0.037,RandomForest,4,1,0,0,1295,50,?,0.00,0.50,0.00
OPENJPA,4,0.758,0.034,0.037,IBk,4,1,0,0,1295,50,?,0.00,0.50,0.00
OPENJPA,5,0.724,0.035,0.025,NaiveBayes,1,0,20,117,1947,34,0.15,0.37,0.76,0.18
OPENJPA,5,0.724,0.035,0.025,RandomForest,1,0,28,12,2052,26,0.70,0.52,0.93,0.59
OPENJPA,5,0.724,0.035,0.025,IBk,1,0,31,14,2050,23,0.69,0.57,0.84,0.62
OPENJPA,5,0.724,0.035,0.025,NaiveBayes,2,0,25,161,1903,29,0.13,0.46,0.76,0.18
OPENJPA,5,0.724,0.035,0.025,RandomForest,2,0,33,15,2049,21,0.69,0.61,0.93,0.64
OPENJPA,5,0.724,0.035,0.025,IBk,2,0,33,34,2030,21,0.49,0.61,0.83,0.53
OPENJPA,5,0.724,0.035,0.025,NaiveBayes,3,0,29,185,1879,25,0.14,0.54,0.79,0.18
OPENJPA,5,0.724,0.035,0.025,RandomForest,3,0,49,299,1765,5,0.14,0.91,0.91,0.21
OPENJPA,5,0.724,0.035,0.025,IBk,3,0,45,410,1654,9,0.10,0.83,0.82,0.14
OPENJPA,5,0.724,0.035,0.025,NaiveBayes,4,0,22,18,2046,32,0.55,0.41,0.79,0.46
OPENJPA,5,0.724,0.035,0.025,RandomForest,4,0,22,18,2046,32,0.55,0.41,0.79,0.46
OPENJPA,5,0.724,0.035,0.025,IBk,4,0,22,18,2046,32,0.55,0.41,0.79,0.46
OPENJPA,5,0.724,0.035,0.025,NaiveBayes,1,1,22,65,1999,32,0.25,0.41,0.79,0.29
OPENJPA,5,0.724,0.035,0.025,RandomForest,1,1,31,15,2049,23,0.67,0.57,0.88,0.61
OPENJPA,5,0.724,0.035,0.025,IBk,1,1,29,13,2051,25,0.69,0.54,0.87,0.60
OPENJPA,5,0.724,0.035,0.025,NaiveBayes,2,1,25,114,1950,29,0.18,0.46,0.80,0.23
OPENJPA,5,0.724,0.035,0.025,RandomForest,2,1,35,68,1996,19,0.34,0.65,0.87,0.43
OPENJPA,5,0.724,0.035,0.025,IBk,2,1,33,60,2004,21,0.35,0.61,0.86,0.43
OPENJPA,5,0.724,0.035,0.025,NaiveBayes,3,1,23,82,1982,31,0.22,0.43,0.80,0.26
OPENJPA,5,0.724,0.035,0.025,RandomForest,3,1,43,377,1687,11,0.10,0.80,0.89,0.14
OPENJPA,5,0.724,0.035,0.025,IBk,3,1,43,390,1674,11,0.10,0.80,0.81,0.14
OPENJPA,5,0.724,0.035,0.025,NaiveBayes,4,1,20,12,2052,34,0.62,0.37,0.80,0.45
OPENJPA,5,0.724,0.035,0.025,RandomForest,4,1,20,12,2052,34,0.62,0.37,0.80,0.45
OPENJPA,5,0.724,0.035,0.025,IBk,4,1,20,12,2052,34,0.62,0.37,0.80,0.45
OPENJPA,6,0.781,0.032,0.031,NaiveBayes,1,0,23,77,2006,44,0.23,0.34,0.76,0.25
OPENJPA,6,0.781,0.032,0.031,RandomForest,1,0,28,4,2079,39,0.88,0.42,0.86,0.56
OPENJPA,6,0.781,0.032,0.031,IBk,1,0,34,15,2068,33,0.69,0.51,0.83,0.58
OPENJPA,6,0.781,0.032,0.031,NaiveBayes,2,0,27,109,1974,40,0.20,0.40,0.76,0.23
OPENJPA,6,0.781,0.032,0.031,RandomForest,2,0,33,14,2069,34,0.70,0.49,0.89,0.57
OPENJPA,6,0.781,0.032,0.031,IBk,2,0,36,41,2042,31,0.47,0.54,0.81,0.48
OPENJPA,6,0.781,0.032,0.031,NaiveBayes,3,0,27,107,1976,40,0.20,0.40,0.74,0.24
OPENJPA,6,0.781,0.032,0.031,RandomForest,3,0,52,281,1802,15,0.16,0.78,0.90,0.22
OPENJPA,6,0.781,0.032,0.031,IBk,3,0,50,403,1680,17,0.11,0.75,0.78,0.15
OPENJPA,6,0.781,0.032,0.031,NaiveBayes,4,0,24,13,2070,43,0.65,0.36,0.82,0.45
OPENJPA,6,0.781,0.032,0.031,RandomForest,4,0,24,13,2070,43,0.65,0.36,0.82,0.45
OPENJPA,6,0.781,0.032,0.031,IBk,4,0,24,13,2070,43,0.65,0.36,0.82,0.45
OPENJPA,6,0.781,0.032,0.031,NaiveBayes,1,1,25,70,2013,42,0.26,0.37,0.75,0.28
OPENJPA,6,0.781,0.032,0.031,RandomForest,1,1,36,7,2076,31,0.84,0.54,0.89,0.65
OPENJPA,6,0.781,0.032,0.031,IBk,1,1,35,15,2068,32,0.70,0.52,0.92,0.59
OPENJPA,6,0.781,0.032,0.031,NaiveBayes,2,1,30,113,1970,37,0.21,0.45,0.74,0.25
OPENJPA,6,0.781,0.032,0.031,RandomForest,2,1,39,57,2026,28,0.41,0.58,0.86,0.46
OPENJPA,6,0.781,0.032,0.031,IBk,2,1,40,69,2014,27,0.37,0.60,0.89,0.43
OPENJPA,6,0.781,0.032,0.031,NaiveBayes,3,1,34,126,1957,33,0.21,0.51,0.74,0.27
OPENJPA,6,0.781,0.032,0.031,RandomForest,3,1,51,375,1708,16,0.12,0.76,0.87,0.16
OPENJPA,6,0.781,0.032,0.031,IBk,3,1,54,432,1651,13,0.11,0.81,0.82,0.15
OPENJPA,6,0.781,0.032,0.031,NaiveBayes,4,1,23,7,2076,44,0.77,0.34,0.82,0.46
OPENJPA,6,0.781,0.032,0.031,RandomForest,4,1,23,7,2076,44,0.77,0.34,0.82,0.46
OPENJPA,6,0.781,0.032,0.031,IBk,4,1,23,7,2076,44,0.77,0.34,0.82,0.46
OPENJPA,7,0.816,0.032,0.054,NaiveBayes,1,0,27,65,2027,93,0.29,0.23,0.70,0.22
OPENJPA,7,0.816,0.032,0.054,RandomForest,1,0,31,3,2089,89,0.91,0.26,0.80,0.39
OPENJPA,7,0.816,0.032,0.054,IBk,1,0,32,7,2085,88,0.82,0.27,0.79,0.39
OPENJPA,7,0.816,0.032,0.054,NaiveBayes,2,0,32,92,2000,88,0.26,0.27,0.71,0.22
OPENJPA,7,0.816,0.032,0.054,RandomForest,2,0,41,15,2077,79,0.73,0.34,0.81,0.45
OPENJPA,7,0.816,0.032,0.054,IBk,2,0,38,40,2052,82,0.49,0.32,0.78,0.36
OPENJPA,7,0.816,0.032,0.054,NaiveBayes,3,0,40,116,1976,80,0.26,0.33,0.73,0.24
OPENJPA,7,0.816,0.032,0.054,RandomForest,3,0,70,313,1779,50,0.18,0.58,0.82,0.21
OPENJPA,7,0.816,0.032,0.054,IBk,3,0,87,525,1567,33,0.14,0.72,0.73,0.16
OPENJPA,7,0.816,0.032,0.054,NaiveBayes,4,0,18,11,2081,102,0.62,0.15,0.72,0.23
OPENJPA,7,0.816,0.032,0.054,RandomForest,4,0,18,11,2081,102,0.62,0.15,0.72,0.23
OPENJPA,7,0.816,0.032,0.054,IBk,4,0,18,11,2081,102,0.62,0.15,0.72,0.23
OPENJPA,7,0.816,0.032,0.054,NaiveBayes,1,1,27,55,2037,93,0.33,0.23,0.64,0.23
OPENJPA,7,0.816,0.032,0.054,RandomForest,1,1,37,2,2090,83,0.95,0.31,0.77,0.45
OPENJPA,7,0.816,0.032,0.054,IBk,1,1,31,4,2088,89,0.89,0.26,0.74,0.38
OPENJPA,7,0.816,0.032,0.054,NaiveBayes,2,1,36,98,1994,84,0.27,0.30,0.64,0.24
OPENJPA,7,0.816,0.032,0.054,RandomForest,2,1,52,70,2022,68,0.43,0.43,0.77,0.40
OPENJPA,7,0.816,0.032,0.054,IBk,2,1,46,72,2020,74,0.39,0.38,0.73,0.35
OPENJPA,7,0.816,0.032,0.054,NaiveBayes,3,1,41,116,1976,79,0.26,0.34,0.64,0.25
OPENJPA,7,0.816,0.032,0.054,RandomForest,3,1,73,446,1646,47,0.14,0.61,0.74,0.15
OPENJPA,7,0.816,0.032,0.054,IBk,3,1,68,466,1626,52,0.13,0.57,0.68,0.13
OPENJPA,7,0.816,0.032,0.054,NaiveBayes,4,1,16,1,2091,104,0.94,0.13,0.64,0.22
OPENJPA,7,0.816,0.032,0.054,RandomForest,4,1,16,1,2091,104,0.94,0.13,0.64,0.22
OPENJPA,7,0.816,0.032,0.054,IBk,4,1,16,1,2091,104,0.94,0.13,0.64,0.22
OPENJPA,8,0.839,0.036,0.049,NaiveBayes,1,0,34,62,2133,78,0.35,0.30,0.76,0.30
OPENJPA,8,0.839,0.036,0.049,RandomForest,1,0,43,47,2148,69,0.48,0.38,0.92,0.40
OPENJPA,8,0.839,0.036,0.049,IBk,1,0,51,54,2141,61,0.49,0.46,0.81,0.44
OPENJPA,8,0.839,0.036,0.049,NaiveBayes,2,0,40,92,2103,72,0.30,0.36,0.76,0.29
OPENJPA,8,0.839,0.036,0.049,RandomForest,2,0,56,75,2120,56,0.43,0.50,0.92,0.43
OPENJPA,8,0.839,0.036,0.049,IBk,2,0,62,108,2087,50,0.36,0.55,0.82,0.40
OPENJPA,8,0.839,0.036,0.049,NaiveBayes,3,0,39,80,2115,73,0.33,0.35,0.75,0.30
OPENJPA,8,0.839,0.036,0.049,RandomForest,3,0,87,461,1734,25,0.16,0.78,0.88,0.20
OPENJPA,8,0.839,0.036,0.049,IBk,3,0,93,683,1512,19,0.12,0.83,0.76,0.14
OPENJPA,8,0.839,0.036,0.049,NaiveBayes,4,0,61,85,2110,51,0.42,0.54,0.84,0.44
OPENJPA,8,0.839,0.036,0.049,RandomForest,4,0,61,85,2110,51,0.42,0.54,0.84,0.44
OPENJPA,8,0.839,0.036,0.049,IBk,4,0,61,85,2110,51,0.42,0.54,0.84,0.44
OPENJPA,8,0.839,0.036,0.049,NaiveBayes,1,1,34,65,2130,78,0.34,0.30,0.75,0.29
OPENJPA,8,0.839,0.036,0.049,RandomForest,1,1,37,9,2186,75,0.80,0.33,0.88,0.45
OPENJPA,8,0.839,0.036,0.049,IBk,1,1,46,14,2181,66,0.77,0.41,0.89,0.52
OPENJPA,8,0.839,0.036,0.049,NaiveBayes,2,1,40,97,2098,72,0.29,0.36,0.75,0.28
OPENJPA,8,0.839,0.036,0.049,RandomForest,2,1,53,44,2151,59,0.55,0.47,0.88,0.48
OPENJPA,8,0.839,0.036,0.049,IBk,2,1,57,52,2143,55,0.52,0.51,0.86,0.49
OPENJPA,8,0.839,0.036,0.049,NaiveBayes,3,1,35,69,2126,77,0.34,0.31,0.78,0.29
OPENJPA,8,0.839,0.036,0.049,RandomForest,3,1,82,331,1864,30,0.20,0.73,0.88,0.26
OPENJPA,8,0.839,0.036,0.049,IBk,3,1,77,394,1801,35,0.16,0.69,0.75,0.20
OPENJPA,8,0.839,0.036,0.049,NaiveBayes,4,1,35,9,2186,77,0.80,0.31,0.76,0.43
OPENJPA,8,0.839,0.036,0.049,RandomForest,4,1,35,9,2186,77,0.80,0.31,0.76,0.43
OPENJPA,8,0.839,0.036,0.049,IBk,4,1,35,9,2186,77,0.80,0.31,0.76,0.43
OPENJPA,9,0.846,0.038,0.049,NaiveBayes,1,0,44,70,2414,83,0.39,0.35,0.82,0.33
OPENJPA,9,0.846,0.038,0.049,RandomForest,1,0,61,52,2432,66,0.54,0.48,0.92,0.48
OPENJPA,9,0.846,0.038,0.049,IBk,1,0,48,56,2428,79,0.46,0.38,0.81,0.39
OPENJPA,9,0.846,0.038,0.049,NaiveBayes,2,0,56,96,2388,71,0.37,0.44,0.83,0.37
OPENJPA,9,0.846,0.038,0.049,RandomForest,2,0,69,181,2303,58,0.28,0.54,0.89,0.32
OPENJPA,9,0.846,0.038,0.049,IBk,2,0,59,191,2293,68,0.24,0.46,0.82,0.27
OPENJPA,9,0.846,0.038,0.049,NaiveBayes,3,0,58,110,2374,69,0.35,0.46,0.82,0.36
OPENJPA,9,0.846,0.038,0.049,RandomForest,3,0,116,679,1805,11,0.15,0.91,0.90,0.18
OPENJPA,9,0.846,0.038,0.049,IBk,3,0,103,775,1709,24,0.12,0.81,0.75,0.13
OPENJPA,9,0.846,0.038,0.049,NaiveBayes,4,0,51,52,2432,76,0.50,0.40,0.72,0.42
OPENJPA,9,0.846,0.038,0.049,RandomForest,4,0,51,52,2432,76,0.50,0.40,0.72,0.42
OPENJPA,9,0.846,0.038,0.049,IBk,4,0,51,52,2432,76,0.50,0.40,0.72,0.42
OPENJPA,9,0.846,0.038,0.049,NaiveBayes,1,1,47,70,2414,80,0.40,0.37,0.81,0.36
OPENJPA,9,0.846,0.038,0.049,RandomForest,1,1,38,14,2470,89,0.73,0.30,0.89,0.41
OPENJPA,9,0.846,0.038,0.049,IBk,1,1,38,23,2461,89,0.62,0.30,0.89,0.38
OPENJPA,9,0.846,0.038,0.049,NaiveBayes,2,1,57,105,2379,70,0.35,0.45,0.81,0.36
OPENJPA,9,0.846,0.038,0.049,RandomForest,2,1,57,113,2371,70,0.34,0.45,0.86,0.35
OPENJPA,9,0.846,0.038,0.049,IBk,2,1,54,120,2364,73,0.31,0.43,0.86,0.32
OPENJPA,9,0.846,0.038,0.049,NaiveBayes,3,1,54,93,2391,73,0.37,0.43,0.81,0.36
OPENJPA,9,0.846,0.038,0.049,RandomForest,3,1,104,449,2035,23,0.19,0.82,0.89,0.25
OPENJPA,9,0.846,0.038,0.049,IBk,3,1,87,477,2007,40,0.15,0.69,0.77,0.19
OPENJPA,9,0.846,0.038,0.049,NaiveBayes,4,1,47,22,2462,80,0.68,0.37,0.81,0.46
OPENJPA,9,0.846,0.038,0.049,RandomForest,4,1,47,22,2462,80,0.68,0.37,0.81,0.46
OPENJPA,9,0.846,0.038,0.049,IBk,4,1,47,22,2462,80,0.68,0.37,0.81,0.46
OPENJPA,10,0.857,0.040,0.039,NaiveBayes,1,0,39,91,2637,71,0.30,0.35,0.80,0.30
OPENJPA,10,0.857,0.040,0.039,RandomForest,1,0,48,45,2683,62,0.52,0.44,0.89,0.45
OPENJPA,10,0.857,0.040,0.039,IBk,1,0,50,103,2625,60,0.33,0.45,0.72,0.35
OPENJPA,10,0.857,0.040,0.039,NaiveBayes,2,0,47,119,2609,63,0.28,0.43,0.80,0.31
OPENJPA,10,0.857,0.040,0.039,RandomForest,2,0,65,115,2613,45,0.36,0.59,0.88,0.42
OPENJPA,10,0.857,0.040,0.039,IBk,2,0,56,185,2543,54,0.23,0.51,0.74,0.28
OPENJPA,10,0.857,0.040,0.039,NaiveBayes,3,0,48,139,2589,62,0.26,0.44,0.80,0.29
OPENJPA,10,0.857,0.040,0.039,RandomForest,3,0,95,647,2081,15,0.13,0.86,0.87,0.17
OPENJPA,10,0.857,0.040,0.039,IBk,3,0,86,976,1752,24,0.08,0.78,0.72,0.08
OPENJPA,10,0.857,0.040,0.039,NaiveBayes,4,0,41,75,2653,69,0.35,0.37,0.83,0.34
OPENJPA,10,0.857,0.040,0.039,RandomForest,4,0,41,75,2653,69,0.35,0.37,0.83,0.34
OPENJPA,10,0.857,0.040,0.039,IBk,4,0,41,75,2653,69,0.35,0.37,0.83,0.34
OPENJPA,10,0.857,0.040,0.039,NaiveBayes,1,1,46,99,2629,64,0.32,0.42,0.80,0.33
OPENJPA,10,0.857,0.040,0.039,RandomForest,1,1,41,38,2690,69,0.52,0.37,0.89,0.41
OPENJPA,10,0.857,0.040,0.039,IBk,1,1,47,111,2617,63,0.30,0.43,0.75,0.32
OPENJPA,10,0.857,0.040,0.039,NaiveBayes,2,1,58,180,2548,52,0.24,0.53,0.80,0.30
OPENJPA,10,0.857,0.040,0.039,RandomForest,2,1,65,152,2576,45,0.30,0.59,0.88,0.36
OPENJPA,10,0.857,0.040,0.039,IBk,2,1,58,244,2484,52,0.19,0.53,0.76,0.24
OPENJPA,10,0.857,0.040,0.039,NaiveBayes,3,1,60,188,2540,50,0.24,0.55,0.81,0.30
OPENJPA,10,0.857,0.040,0.039,RandomForest,3,1,92,514,2214,18,0.15,0.84,0.88,0.20
OPENJPA,10,0.857,0.040,0.039,IBk,3,1,77,756,1972,33,0.09,0.70,0.72,0.10
OPENJPA,10,0.857,0.040,0.039,NaiveBayes,4,1,36,120,2608,74,0.23,0.33,0.70,0.24
OPENJPA,10,0.857,0.040,0.039,RandomForest,4,1,36,120,2608,74,0.23,0.33,0.70,0.24
OPENJPA,10,0.857,0.040,0.039,IBk,4,1,36,120,2608,74,0.23,0.33,0.70,0.24
OPENJPA,11,0.864,0.040,0.045,NaiveBayes,1,0,60,272,2693,81,0.18,0.43,0.77,0.20
OPENJPA,11,0.864,0.040,0.045,RandomForest,1,0,52,11,2954,89,0.83,0.37,0.80,0.50
OPENJPA,11,0.864,0.040,0.045,IBk,1,0,63,133,2832,78,0.32,0.45,0.74,0.34
OPENJPA,11,0.864,0.040,0.045,NaiveBayes,2,0,70,318,2647,71,0.18,0.50,0.76,0.21
OPENJPA,11,0.864,0.040,0.045,RandomForest,2,0,66,45,2920,75,0.59,0.47,0.81,0.50
OPENJPA,11,0.864,0.040,0.045,IBk,2,0,71,214,2751,70,0.25,0.50,0.74,0.29
OPENJPA,11,0.864,0.040,0.045,NaiveBayes,3,0,72,363,2602,69,0.17,0.51,0.76,0.19
OPENJPA,11,0.864,0.040,0.045,RandomForest,3,0,119,1451,1514,22,0.08,0.84,0.83,0.06
OPENJPA,11,0.864,0.040,0.045,IBk,3,0,113,1078,1887,28,0.09,0.80,0.72,0.10
OPENJPA,11,0.864,0.040,0.045,NaiveBayes,4,0,41,254,2711,100,0.14,0.29,0.73,0.13
OPENJPA,11,0.864,0.040,0.045,RandomForest,4,0,41,254,2711,100,0.14,0.29,0.73,0.13
OPENJPA,11,0.864,0.040,0.045,IBk,4,0,41,254,2711,100,0.14,0.29,0.73,0.13
OPENJPA,11,0.864,0.040,0.045,NaiveBayes,1,1,60,116,2849,81,0.34,0.43,0.80,0.35
OPENJPA,11,0.864,0.040,0.045,RandomForest,1,1,54,15,2950,87,0.78,0.38,0.80,0.50
OPENJPA,11,0.864,0.040,0.045,IBk,1,1,64,65,2900,77,0.50,0.45,0.74,0.45
OPENJPA,11,0.864,0.040,0.045,NaiveBayes,2,1,71,185,2780,70,0.28,0.50,0.80,0.32
OPENJPA,11,0.864,0.040,0.045,RandomForest,2,1,69,110,2855,72,0.39,0.49,0.80,0.40
OPENJPA,11,0.864,0.040,0.045,IBk,2,1,72,160,2805,69,0.31,0.51,0.74,0.35
OPENJPA,11,0.864,0.040,0.045,NaiveBayes,3,1,70,178,2787,71,0.28,0.50,0.79,0.32
OPENJPA,11,0.864,0.040,0.045,RandomForest,3,1,108,819,2146,33,0.12,0.77,0.83,0.13
OPENJPA,11,0.864,0.040,0.045,IBk,3,1,108,985,1980,33,0.10,0.77,0.73,0.10
OPENJPA,11,0.864,0.040,0.045,NaiveBayes,4,1,52,161,2804,89,0.24,0.37,0.79,0.25
OPENJPA,11,0.864,0.040,0.045,RandomForest,4,1,52,161,2804,89,0.24,0.37,0.79,0.25
OPENJPA,11,0.864,0.040,0.045,IBk,4,1,52,161,2804,89,0.24,0.37,0.79,0.25
OPENJPA,12,0.867,0.040,0.066,NaiveBayes,1,0,78,81,3213,154,0.49,0.34,0.80,0.36
OPENJPA,12,0.867,0.040,0.066,RandomForest,1,0,69,27,3267,163,0.72,0.30,0.87,0.40
OPENJPA,12,0.867,0.040,0.066,IBk,1,0,83,83,3211,149,0.50,0.36,0.72,0.38
OPENJPA,12,0.867,0.040,0.066,NaiveBayes,2,0,92,114,3180,140,0.45,0.40,0.80,0.38
OPENJPA,12,0.867,0.040,0.066,RandomForest,2,0,90,80,3214,142,0.53,0.39,0.86,0.42
OPENJPA,12,0.867,0.040,0.066,IBk,2,0,91,156,3138,141,0.37,0.39,0.68,0.33
OPENJPA,12,0.867,0.040,0.066,NaiveBayes,3,0,88,96,3198,144,0.48,0.38,0.81,0.39
OPENJPA,12,0.867,0.040,0.066,RandomForest,3,0,201,852,2442,31,0.19,0.87,0.88,0.23
OPENJPA,12,0.867,0.040,0.066,IBk,3,0,173,969,2325,59,0.15,0.75,0.73,0.16
OPENJPA,12,0.867,0.040,0.066,NaiveBayes,4,0,57,67,3227,175,0.46,0.25,0.80,0.29
OPENJPA,12,0.867,0.040,0.066,RandomForest,4,0,57,67,3227,175,0.46,0.25,0.80,0.29
OPENJPA,12,0.867,0.040,0.066,IBk,4,0,57,67,3227,175,0.46,0.25,0.80,0.29
OPENJPA,12,0.867,0.040,0.066,NaiveBayes,1,1,91,96,3198,141,0.49,0.39,0.79,0.40
OPENJPA,12,0.867,0.040,0.066,RandomForest,1,1,62,34,3260,170,0.65,0.27,0.83,0.35
OPENJPA,12,0.867,0.040,0.066,IBk,1,1,71,43,3251,161,0.62,0.31,0.82,0.38
OPENJPA,12,0.867,0.040,0.066,NaiveBayes,2,1,126,215,3079,106,0.37,0.54,0.78,0.39
OPENJPA,12,0.867,0.040,0.066,RandomForest,2,1,106,259,3035,126,0.29,0.46,0.82,0.30
OPENJPA,12,0.867,0.040,0.066,IBk,2,1,104,270,3024,128,0.28,0.45,0.80,0.29
OPENJPA,12,0.867,0.040,0.066,NaiveBayes,3,1,124,232,3062,108,0.35,0.53,0.74,0.37
OPENJPA,12,0.867,0.040,0.066,RandomForest,3,1,181,761,2533,51,0.19,0.78,0.85,0.23
OPENJPA,12,0.867,0.040,0.066,IBk,3,1,163,790,2504,69,0.17,0.70,0.75,0.19
OPENJPA,12,0.867,0.040,0.066,NaiveBayes,4,1,56,39,3255,176,0.59,0.24,0.82,0.32
OPENJPA,12,0.867,0.040,0.066,RandomForest,4,1,56,39,3255,176,0.59,0.24,0.82,0.32
OPENJPA,12,0.867,0.040,0.066,IBk,4,1,56,39,3255,176,0.59,0.24,0.82,0.32
OPENJPA,13,0.878,0.044,0.052,NaiveBayes,1,0,70,115,3379,122,0.38,0.36,0.80,0.34
OPENJPA,13,0.878,0.044,0.052,RandomForest,1,0,73,80,3414,119,0.48,0.38,0.90,0.40
OPENJPA,13,0.878,0.044,0.052,IBk,1,0,86,112,3382,106,0.43,0.45,0.81,0.41
OPENJPA,13,0.878,0.044,0.052,NaiveBayes,2,0,77,149,3345,115,0.34,0.40,0.80,0.33
OPENJPA,13,0.878,0.044,0.052,RandomForest,2,0,102,187,3307,90,0.35,0.53,0.89,0.39
OPENJPA,13,0.878,0.044,0.052,IBk,2,0,104,234,3260,88,0.31,0.54,0.78,0.35
OPENJPA,13,0.878,0.044,0.052,NaiveBayes,3,0,78,167,3327,114,0.32,0.41,0.80,0.32
OPENJPA,13,0.878,0.044,0.052,RandomForest,3,0,173,727,2767,19,0.19,0.90,0.92,0.25
OPENJPA,13,0.878,0.044,0.052,IBk,3,0,163,823,2671,29,0.17,0.85,0.81,0.21
OPENJPA,13,0.878,0.044,0.052,NaiveBayes,4,0,68,105,3389,124,0.39,0.35,0.84,0.34
OPENJPA,13,0.878,0.044,0.052,RandomForest,4,0,68,105,3389,124,0.39,0.35,0.84,0.34
OPENJPA,13,0.878,0.044,0.052,IBk,4,0,68,105,3389,124,0.39,0.35,0.84,0.34
OPENJPA,13,0.878,0.044,0.052,NaiveBayes,1,1,74,147,3347,118,0.33,0.39,0.79,0.32
OPENJPA,13,0.878,0.044,0.052,RandomForest,1,1,54,70,3424,138,0.44,0.28,0.85,0.31
OPENJPA,13,0.878,0.044,0.052,IBk,1,1,56,93,3401,136,0.38,0.29,0.83,0.30
OPENJPA,13,0.878,0.044,0.052,NaiveBayes,2,1,92,251,3243,100,0.27,0.48,0.79,0.30
OPENJPA,13,0.878,0.044,0.052,RandomForest,2,1,90,260,3234,102,0.26,0.47,0.84,0.28
OPENJPA,13,0.878,0.044,0.052,IBk,2,1,85,265,3229,107,0.24,0.44,0.82,0.26
OPENJPA,13,0.878,0.044,0.052,NaiveBayes,3,1,90,253,3241,102,0.26,0.47,0.78,0.29
OPENJPA,13,0.878,0.044,0.052,RandomForest,3,1,149,746,2748,43,0.17,0.78,0.86,0.21
OPENJPA,13,0.878,0.044,0.052,IBk,3,1,128,815,2679,64,0.14,0.67,0.74,0.15
OPENJPA,13,0.878,0.044,0.052,NaiveBayes,4,1,61,90,3404,131,0.40,0.32,0.88,0.32
OPENJPA,13,0.878,0.044,0.052,RandomForest,4,1,61,90,3404,131,0.40,0.32,0.88,0.32
OPENJPA,13,0.878,0.044,0.052,IBk,4,1,61,90,3404,131,0.40,0.32,0.88,0.32
OPENJPA,14,0.891,0.045,0.039,NaiveBayes,1,0,56,122,3428,89,0.31,0.39,0.74,0.32
OPENJPA,14,0.891,0.045,0.039,RandomForest,1,0,59,20,3530,86,0.75,0.41,0.84,0.51
OPENJPA,14,0.891,0.045,0.039,IBk,1,0,85,53,3497,60,0.62,0.59,0.81,0.58
OPENJPA,14,0.891,0.045,0.039,NaiveBayes,2,0,58,165,3385,87,0.26,0.40,0.74,0.28
OPENJPA,14,0.891,0.045,0.039,RandomForest,2,0,62,54,3496,83,0.53,0.43,0.85,0.46
OPENJPA,14,0.891,0.045,0.039,IBk,2,0,91,112,3438,54,0.45,0.63,0.80,0.50
OPENJPA,14,0.891,0.045,0.039,NaiveBayes,3,0,59,169,3381,86,0.26,0.41,0.74,0.28
OPENJPA,14,0.891,0.045,0.039,RandomForest,3,0,99,406,3144,46,0.20,0.68,0.83,0.26
OPENJPA,14,0.891,0.045,0.039,IBk,3,0,109,755,2795,36,0.13,0.75,0.77,0.16
OPENJPA,14,0.891,0.045,0.039,NaiveBayes,4,0,44,33,3517,101,0.57,0.30,0.73,0.38
OPENJPA,14,0.891,0.045,0.039,RandomForest,4,0,44,33,3517,101,0.57,0.30,0.73,0.38
OPENJPA,14,0.891,0.045,0.039,IBk,4,0,44,33,3517,101,0.57,0.30,0.73,0.38
OPENJPA,14,0.891,0.045,0.039,NaiveBayes,1,1,56,133,3417,89,0.30,0.39,0.74,0.30
OPENJPA,14,0.891,0.045,0.039,RandomForest,1,1,43,42,3508,102,0.51,0.30,0.81,0.36
OPENJPA,14,0.891,0.045,0.039,IBk,1,1,54,43,3507,91,0.56,0.37,0.81,0.43
OPENJPA,14,0.891,0.045,0.039,NaiveBayes,2,1,66,270,3280,79,0.20,0.46,0.74,0.23
OPENJPA,14,0.891,0.045,0.039,RandomForest,2,1,81,277,3273,64,0.23,0.56,0.80,0.28
OPENJPA,14,0.891,0.045,0.039,IBk,2,1,84,285,3265,61,0.23,0.58,0.80,0.29
OPENJPA,14,0.891,0.045,0.039,NaiveBayes,3,1,66,278,3272,79,0.19,0.46,0.74,0.23
OPENJPA,14,0.891,0.045,0.039,RandomForest,3,1,97,633,2917,48,0.13,0.67,0.80,0.17
OPENJPA,14,0.891,0.045,0.039,IBk,3,1,97,571,2979,48,0.15,0.67,0.78,0.19
OPENJPA,14,0.891,0.045,0.039,NaiveBayes,4,1,42,57,3493,103,0.42,0.29,0.77,0.32
OPENJPA,14,0.891,0.045,0.039,RandomForest,4,1,42,57,3493,103,0.42,0.29,0.77,0.32
OPENJPA,14,0.891,0.045,0.039,IBk,4,1,42,57,3493,103,0.42,0.29,0.77,0.32
OPENJPA,15,0.901,0.044,0.047,NaiveBayes,1,0,66,107,3447,110,0.38,0.38,0.78,0.35
OPENJPA,15,0.901,0.044,0.047,RandomForest,1,0,104,5,3549,72,0.95,0.59,0.97,0.72
OPENJPA,15,0.901,0.044,0.047,IBk,1,0,100,1,3553,76,0.99,0.57,0.88,0.71
OPENJPA,15,0.901,0.044,0.047,NaiveBayes,2,0,71,151,3403,105,0.32,0.40,0.78,0.32
OPENJPA,15,0.901,0.044,0.047,RandomForest,2,0,121,141,3413,55,0.46,0.69,0.95,0.53
OPENJPA,15,0.901,0.044,0.047,IBk,2,0,114,164,3390,62,0.41,0.65,0.88,0.47
OPENJPA,15,0.901,0.044,0.047,NaiveBayes,3,0,71,152,3402,105,0.32,0.40,0.78,0.32
OPENJPA,15,0.901,0.044,0.047,RandomForest,3,0,160,673,2881,16,0.19,0.91,0.94,0.26
OPENJPA,15,0.901,0.044,0.047,IBk,3,0,145,1056,2498,31,0.12,0.82,0.77,0.14
OPENJPA,15,0.901,0.044,0.047,NaiveBayes,4,0,70,15,3539,106,0.82,0.40,0.83,0.52
OPENJPA,15,0.901,0.044,0.047,RandomForest,4,0,70,15,3539,106,0.82,0.40,0.83,0.52
OPENJPA,15,0.901,0.044,0.047,IBk,4,0,70,15,3539,106,0.82,0.40,0.83,0.52
OPENJPA,15,0.901,0.044,0.047,NaiveBayes,1,1,65,114,3440,111,0.36,0.37,0.77,0.33
OPENJPA,15,0.901,0.044,0.047,RandomForest,1,1,88,1,3553,88,0.99,0.50,0.90,0.65
OPENJPA,15,0.901,0.044,0.047,IBk,1,1,86,3,3551,90,0.97,0.49,0.90,0.64
OPENJPA,15,0.901,0.044,0.047,NaiveBayes,2,1,72,185,3369,104,0.28,0.41,0.77,0.29
OPENJPA,15,0.901,0.044,0.047,RandomForest,2,1,113,121,3433,63,0.48,0.64,0.89,0.53
OPENJPA,15,0.901,0.044,0.047,IBk,2,1,115,132,3422,61,0.47,0.65,0.89,0.52
OPENJPA,15,0.901,0.044,0.047,NaiveBayes,3,1,70,141,3413,106,0.33,0.40,0.80,0.33
OPENJPA,15,0.901,0.044,0.047,RandomForest,3,1,144,546,3008,32,0.21,0.82,0.91,0.28
OPENJPA,15,0.901,0.044,0.047,IBk,3,1,139,633,2921,37,0.18,0.79,0.85,0.23
OPENJPA,15,0.901,0.044,0.047,NaiveBayes,4,1,60,13,3541,116,0.82,0.34,0.82,0.47
OPENJPA,15,0.901,0.044,0.047,RandomForest,4,1,60,13,3541,116,0.82,0.34,0.82,0.47
OPENJPA,15,0.901,0.044,0.047,IBk,4,1,60,13,3541,116,0.82,0.34,0.82,0.47
OPENJPA,16,0.908,0.044,0.040,NaiveBayes,1,0,64,122,3534,87,0.34,0.42,0.79,0.35
OPENJPA,16,0.908,0.044,0.040,RandomForest,1,0,103,24,3632,48,0.81,0.68,0.96,0.73
OPENJPA,16,0.908,0.044,0.040,IBk,1,0,102,35,3621,49,0.74,0.68,0.90,0.70
OPENJPA,16,0.908,0.044,0.040,NaiveBayes,2,0,67,161,3495,84,0.29,0.44,0.79,0.32
OPENJPA,16,0.908,0.044,0.040,RandomForest,2,0,119,106,3550,32,0.53,0.79,0.95,0.61
OPENJPA,16,0.908,0.044,0.040,IBk,2,0,117,145,3511,34,0.45,0.77,0.89,0.54
OPENJPA,16,0.908,0.044,0.040,NaiveBayes,3,0,68,160,3496,83,0.30,0.45,0.79,0.33
OPENJPA,16,0.908,0.044,0.040,RandomForest,3,0,141,605,3051,10,0.19,0.93,0.96,0.27
OPENJPA,16,0.908,0.044,0.040,IBk,3,0,134,987,2669,17,0.12,0.89,0.81,0.15
OPENJPA,16,0.908,0.044,0.040,NaiveBayes,4,0,102,50,3606,49,0.67,0.68,0.89,0.66
OPENJPA,16,0.908,0.044,0.040,RandomForest,4,0,102,50,3606,49,0.67,0.68,0.89,0.66
OPENJPA,16,0.908,0.044,0.040,IBk,4,0,102,50,3606,49,0.67,0.68,0.89,0.66
OPENJPA,16,0.908,0.044,0.040,NaiveBayes,1,1,63,129,3527,88,0.33,0.42,0.79,0.34
OPENJPA,16,0.908,0.044,0.040,RandomForest,1,1,87,14,3642,64,0.86,0.58,0.95,0.68
OPENJPA,16,0.908,0.044,0.040,IBk,1,1,87,27,3629,64,0.76,0.58,0.94,0.64
OPENJPA,16,0.908,0.044,0.040,NaiveBayes,2,1,68,194,3462,83,0.26,0.45,0.79,0.29
OPENJPA,16,0.908,0.044,0.040,RandomForest,2,1,113,144,3512,38,0.44,0.75,0.95,0.53
OPENJPA,16,0.908,0.044,0.040,IBk,2,1,115,156,3500,36,0.42,0.76,0.93,0.52
OPENJPA,16,0.908,0.044,0.040,NaiveBayes,3,1,68,187,3469,83,0.27,0.45,0.79,0.30
OPENJPA,16,0.908,0.044,0.040,RandomForest,3,1,138,544,3112,13,0.20,0.91,0.94,0.28
OPENJPA,16,0.908,0.044,0.040,IBk,3,1,129,677,2979,22,0.16,0.85,0.87,0.22
OPENJPA,16,0.908,0.044,0.040,NaiveBayes,4,1,68,23,3633,83,0.75,0.45,0.86,0.55
OPENJPA,16,0.908,0.044,0.040,RandomForest,4,1,68,23,3633,83,0.75,0.45,0.86,0.55
OPENJPA,16,0.908,0.044,0.040,IBk,4,1,68,23,3633,83,0.75,0.45,0.86,0.55
